<?xml version="1.0" encoding="UTF-8"?>
<addOn>
  <identifier>e54e03bb-4a80-11e4-9553-005056977bd0</identifier>
  <displayType>Function</displayType>
  <translatedDisplayType>
    <en_US>Function</en_US>
    <ja_JP>関数</ja_JP>
    <ko_KR>함수</ko_KR>
    <zh_CN>函数</zh_CN>
  </translatedDisplayType>
  <name>MAT2CLIP</name>
  <author>jiro</author>
  <version>1.1.0.1</version>
  <downloadUrl>https://www.mathworks.com/matlabcentral/mlc-downloads/downloads/submissions/8559/versions/3/download/zip?src=addons_ml_desktop_install&amp;profile_id=21761720&amp;license=40850329&amp;release_family=R2020b</downloadUrl>
  <licenseUrl>https://addons.mathworks.com/registry/v1/e54e03bb-4a80-11e4-9553-005056977bd0/1.1.0.1/-/license</licenseUrl>
  <previewImageUrl>https://www.mathworks.com/responsive_image/160/120/0/0/0/cache/matlabcentral/mlc-downloads/downloads/submissions/8559/versions/3/screenshot.png</previewImageUrl>
  <releaseNotesUrl>https://www.mathworks.com/add-ons/e54e03bb-4a80-11e4-9553-005056977bd0/00956995-49f6-8634-cbf3-2d574ebb27aa/releaseNotes</releaseNotesUrl>
  <installationFolder>Functions</installationFolder>
</addOn>
